{"resourceId":"oryx-canvas123","properties":{"Owner":"$IW_USER","Priority":"","Brief Description":"Publish Campaign Scheduler","Description":"Publishes the selected Campaign on a daily, weekly or monthly schedule","DueDate":"","Global Variables":"$IW_CV(WF_SCHEDULED_OR_MANUAL)|$IW_CV(WF_SCHEDULING_INTERVAL)|$IW_CV(WF_HOUR_OF_DAY)|$IW_CV(WF_DAY_OF_WEEK)|$IW_CV(WF_DAY_OF_MONTH)|$IW_SCRIPT(isScheduledWorkflow)|$IW_CV(WF_CAMPAIGN_NAME)|$IW_CV(WF_START_DATE_TIME)|$IW_SCRIPT(workflowIsManual)|$IW_CV(WF_END_DATE_TIME)|$IW_CV(WF_CAMPAIGN_TYPE)|$IW_CV(WF_HOUR_INTERVAL)|$IW_CV(WF_MINUTE_INTERVAL)","VAVariables":"","Variables":"custom_job_params=$IW_CV(WF_CAMPAIGN_NAME)","PostProcessorCommand":"","PreProcessorCommand":"","Name":"Scheduled Publish","id":"Workflow Properties1","ActivationCount":"","Version":"1.0.0.1","Status":"","Valid":"true","File Comments":"true"},"stencil":{"id":"ModelProperties"},"childShapes":[{"resourceId":"oryx_D25B0DFF-81C5-4FE5-8BE0-176F37C45781","properties":{"Name":"Start1","id":"Start1","CSSclass":"Event"},"stencil":{"id":"Start"},"childShapes":[],"outgoing":[{"resourceId":"oryx_5722297C-1EFB-4640-9889-D100E9AFE1EB"},{"resourceId":"oryx_0B0AC6F4-951F-408B-AF33-FB79B0BA893C"}],"bounds":{"lowerRight":{"x":56,"y":259},"upperLeft":{"x":22,"y":225}},"dockers":[]},{"resourceId":"oryx_D116BCCC-0560-4DAC-B795-332927AF2351","properties":{"Name":"End3","id":"End3","Brief Description":"","Eafinishop":"","Eastartop":"","Wfvarfinishop":"","Wfvarstartop":"","CSSclass":"Event"},"stencil":{"id":"End"},"childShapes":[],"outgoing":[],"bounds":{"lowerRight":{"x":544,"y":567},"upperLeft":{"x":510,"y":533}},"dockers":[]},{"resourceId":"oryx_D07059B6-1BBA-4CCD-8196-70437A29C13F","properties":{"AreaVPath":"$IW_WORKAREA","Brief Description":"Publish Campaign Task","Description":"Publish Campaign Task","Name":"Publish Campaign","id":"Publish Campaign","CSSclass":"Task","Owner":"$IW_USER","CGIScriptName":"/iw-cc/Workflow/WebTask.do","Immediate":"true","Lock":"false","Readonly":"false","Transferonly":"false","Variables":"TaskBeanId=workflow.task.DelegatingCampaignPublishTaskUPS|ImmediateTransition=true","Eafinishop":"","Eastartop":"","Wfvarfinishop":"","Wfvarstartop":"","ActivationCount":"0","Status":"none","Valid":"none","BackgroundColor":"#c0c0c0","TaskType":"ItsCGITask"},"stencil":{"id":"CGITask"},"childShapes":[],"outgoing":[{"resourceId":"oryx_DF6B6B83-16C6-43EC-B994-76BAAA331B8A"}],"bounds":{"lowerRight":{"x":325,"y":140},"upperLeft":{"x":225,"y":60}},"dockers":[]},{"resourceId":"oryx_9A455334-5F98-42CB-9847-25E00B322912","properties":{"AreaVPath":"$IW_WORKAREA","Brief Description":"Schedule Delay Task","Description":"This task computes and waits for the next publish event","Name":"Schedule Delay task","id":"Schedule Delay task","CSSclass":"Task","Owner":"$IW_USER","URI":"http://$IW_SERVER:$IW_PORT/iw-cc/urlexternaltask","Retry":"true","Lock":"false","Readonly":"false","Transferonly":"false","Variables":"ClassName=com.hp.autonomy.proserv.pkg.ls.core.task.ScheduleDelayExternalTask|wf_scheduling_interval=$IW_CV(WF_SCHEDULING_INTERVAL)|wf_hour_of_day=$IW_CV(WF_HOUR_OF_DAY)|wf_day_of_week=$IW_CV(WF_DAY_OF_WEEK)|wf_day_of_month=$IW_CV(WF_DAY_OF_MONTH)|wf_campaign_name=$IW_CV(WF_CAMPAIGN_NAME)|wf_start_date_time=$IW_CV(WF_START_DATE_TIME)|iw_schedule_expired_transition=Publish Expired|iw_next_schedule_transition=Next Scheduled Publish|iw_failure_transition=Schedule Expired|next_task_after_delay=Next Scheduled Publish|task_activation_count=0|iw_manual_mode_transition=Workflow Is Manual|iw_wf_scheduled_or_manual=$IW_CV(WF_SCHEDULED_OR_MANUAL)|wf_hour_interval=$IW_CV(WF_HOUR_INTERVAL)|wf_minute_interval=$IW_CV(WF_MINUTE_INTERVAL)","Eafinishop":"","Eastartop":"","Wfvarfinishop":"","Wfvarstartop":"","ActivationCount":"0","Status":"none","Valid":"none","BackgroundColor":"#c0c0c0","TaskType":"ItsURLTask"},"stencil":{"id":"URLTask"},"childShapes":[],"outgoing":[{"resourceId":"oryx_4704A2EE-FB26-440D-9FA8-ED1C71DD281D"},{"resourceId":"oryx_7120AB55-A8CB-4B83-AADB-2CB4729B908C"}],"bounds":{"lowerRight":{"x":310,"y":320},"upperLeft":{"x":210,"y":240}},"dockers":[]},{"resourceId":"oryx_5722297C-1EFB-4640-9889-D100E9AFE1EB","properties":{"Name":"Workfow Is Scheduled","id":"Flow4","Type":"Conditional","Expression":"$IW_SCRIPT(isScheduledWorkflow)"},"stencil":{"id":"ConditionalLink"},"childShapes":[],"outgoing":[{"resourceId":"oryx_9A455334-5F98-42CB-9847-25E00B322912"}],"bounds":{"lowerRight":{"x":210,"y":280},"upperLeft":{"x":39,"y":259.625}},"dockers":[{"x":17,"y":17},{"x":39,"y":280},{"x":1,"y":40}],"target":{"resourceId":"oryx_9A455334-5F98-42CB-9847-25E00B322912"}},{"resourceId":"oryx_4704A2EE-FB26-440D-9FA8-ED1C71DD281D","properties":{"Name":"Publish Expired","id":"Flow13","Type":"Default"},"stencil":{"id":"Flow"},"childShapes":[],"outgoing":[{"resourceId":"oryx_D116BCCC-0560-4DAC-B795-332927AF2351"}],"bounds":{"lowerRight":{"x":527,"y":532.125},"upperLeft":{"x":310.01953125,"y":280}},"dockers":[{"x":50,"y":40},{"x":527,"y":280},{"x":17,"y":17}],"target":{"resourceId":"oryx_D116BCCC-0560-4DAC-B795-332927AF2351"}},{"resourceId":"oryx_7120AB55-A8CB-4B83-AADB-2CB4729B908C","properties":{"Name":"Next Scheduled Publish","id":"Flow3","Type":"Default"},"stencil":{"id":"Flow"},"childShapes":[],"outgoing":[{"resourceId":"oryx_3FF981C0-39F3-406D-8E24-4023CECBBB2A"}],"bounds":{"lowerRight":{"x":236,"y":510},"upperLeft":{"x":234,"y":320.046875}},"dockers":[{"x":25,"y":1},{"x":25,"y":1}],"target":{"resourceId":"oryx_3FF981C0-39F3-406D-8E24-4023CECBBB2A"}},{"resourceId":"oryx_DF6B6B83-16C6-43EC-B994-76BAAA331B8A","properties":{"Name":"Publish Campaign Success","id":"Flow2","Type":"Default"},"stencil":{"id":"Flow"},"childShapes":[],"outgoing":[{"resourceId":"oryx_D116BCCC-0560-4DAC-B795-332927AF2351"}],"bounds":{"lowerRight":{"x":527,"y":532.30078125},"upperLeft":{"x":325.21875,"y":100}},"dockers":[{"x":50,"y":40},{"x":527,"y":100},{"x":17,"y":17}],"target":{"resourceId":"oryx_D116BCCC-0560-4DAC-B795-332927AF2351"}},{"resourceId":"oryx_3FF981C0-39F3-406D-8E24-4023CECBBB2A","properties":{"AreaVPath":"$IW_WORKAREA","Brief Description":"","Description":"","Name":"Publish Campaign Feed","id":"Publish Campaign Feed","CSSclass":"Task","Owner":"$IW_USER","URI":"http://$IW_SERVER:$IW_PORT/iw-cc/urlexternaltask","Retry":"true","Lock":"false","Readonly":"false","Transferonly":"false","Variables":"ClassName=com.ups.teamsite.workflow.task.DelegatingCampaignPublishURLTask|iw_success_transition=Feed Published|iw_failure_transition=Feed Published|iw_campaign_type=$IW_CV(WF_CAMPAIGN_TYPE)","Eafinishop":"","Eastartop":"","Wfvarfinishop":"","Wfvarstartop":"","ActivationCount":"0","Status":"none","Valid":"none","BackgroundColor":"#c0c0c0","TaskType":"ItsURLTask"},"stencil":{"id":"URLTask"},"childShapes":[],"outgoing":[{"resourceId":"oryx_17577897-9CA7-4592-B977-B5F5ECF0DE8E"}],"bounds":{"lowerRight":{"x":310,"y":590},"upperLeft":{"x":210,"y":510}},"dockers":[]},{"resourceId":"oryx_17577897-9CA7-4592-B977-B5F5ECF0DE8E","properties":{"Name":"Feed Published","id":"Flow7","Type":"Default"},"stencil":{"id":"Flow"},"childShapes":[],"outgoing":[{"resourceId":"oryx_9A455334-5F98-42CB-9847-25E00B322912"}],"bounds":{"lowerRight":{"x":261,"y":509.9765625},"upperLeft":{"x":259,"y":320.0234375}},"dockers":[{"x":50,"y":40},{"x":50,"y":40}],"target":{"resourceId":"oryx_9A455334-5F98-42CB-9847-25E00B322912"}},{"resourceId":"oryx_0B0AC6F4-951F-408B-AF33-FB79B0BA893C","properties":{"Name":"Workflow Is Manual","id":"Flow1","Type":"Conditional","Expression":"$IW_SCRIPT(workflowIsManual)"},"stencil":{"id":"ConditionalLink"},"childShapes":[],"outgoing":[{"resourceId":"oryx_D07059B6-1BBA-4CCD-8196-70437A29C13F"}],"bounds":{"lowerRight":{"x":224.21875,"y":224.359375},"upperLeft":{"x":39,"y":100}},"dockers":[{"x":17,"y":17},{"x":39,"y":100},{"x":50,"y":40}],"target":{"resourceId":"oryx_D07059B6-1BBA-4CCD-8196-70437A29C13F"}}],"bounds":{"lowerRight":{"x":1485,"y":1050},"upperLeft":{"x":0,"y":0}},"stencilset":{"url":"/iw-wfm/editor/stencilsets/iwov_process_model/iwovprocessmodels.json","namespace":"http://autonomy.com/stencilset/iwovwfm#"},"ssextensions":[],"modelVariables":[{"TaskId":"Workflow Properties1","PropertyName":"Variables","VariableId":"WF_CAMPAIGN_NAME","VariableValue":"","TaskType":"ModelProperties","isDeleted":""},{"TaskId":"Flow5","PropertyName":"Expression","VariableId":"workflowIsManual","VariableValue":"","TaskType":"ConditionalLink","isDeleted":""},{"TaskId":"Flow4","PropertyName":"Expression","VariableId":"isScheduledWorkflow","VariableValue":"","TaskType":"ConditionalLink","isDeleted":""},{"TaskId":"Flow6","PropertyName":"Expression","VariableId":"isScheduledWorkflow","VariableValue":"","TaskType":"ConditionalLink","isDeleted":""},{"TaskId":"Workflow Properties1","PropertyName":"Global Variables","VariableId":"WF_SCHEDULED_OR_MANUAL","VariableValue":{"type":"$IW_CV","value":{"id":"WF_SCHEDULED_OR_MANUAL","label":"Scheduled or Manual","defaultValue":"Scheduled","description":"Workflow mode -- scheduled or manual","isHidden":false,"isReadOnly":false}},"TaskType":"ModelProperties","isDeleted":""},{"TaskId":"Workflow Properties1","PropertyName":"Global Variables","VariableId":"WF_SCHEDULING_INTERVAL","VariableValue":{"type":"$IW_CV","value":{"id":"WF_SCHEDULING_INTERVAL","label":"Scheduling Interval (Day, Week, Month ) ","defaultValue":"Day","description":"Interval for scheduled workflows (Day, Week, Month) default value day","isHidden":false,"isReadOnly":false}},"TaskType":"ModelProperties","isDeleted":""},{"TaskId":"Workflow Properties1","PropertyName":"Global Variables","VariableId":"WF_HOUR_OF_DAY","VariableValue":{"type":"$IW_CV","value":{"id":"WF_HOUR_OF_DAY","label":"Hour of day","defaultValue":"0","description":"Hour of day for all scheduled workflows.  Default value 0 ","isHidden":false,"isReadOnly":false}},"TaskType":"ModelProperties","isDeleted":""},{"TaskId":"Workflow Properties1","PropertyName":"Global Variables","VariableId":"WF_DAY_OF_WEEK","VariableValue":{"type":"$IW_CV","value":{"id":"WF_DAY_OF_WEEK","label":"Day of Week","defaultValue":"MON","description":"Day of week for weekly sceduled workflows.  Default value MON","isHidden":false,"isReadOnly":false}},"TaskType":"ModelProperties","isDeleted":""},{"TaskId":"Workflow Properties1","PropertyName":"Global Variables","VariableId":"WF_DAY_OF_MONTH","VariableValue":{"type":"$IW_CV","value":{"id":"WF_DAY_OF_MONTH","label":"Day of month","defaultValue":"1","description":"Day of month for monthly shceduled wqorkflows.  Default value 1, range 1..31","isHidden":false,"isReadOnly":false}},"TaskType":"ModelProperties","isDeleted":""},{"TaskId":"Workflow Properties1","PropertyName":"Global Variables","VariableId":"WF_CAMPAIGN_NAME","VariableValue":{"type":"$IW_CV","value":{"id":"WF_CAMPAIGN_NAME","label":"Campaign Name","defaultValue":"UPS Pressroom Newsletter Subscription","description":"Campaign name to publish","isHidden":false,"isReadOnly":false}},"TaskType":"ModelProperties","isDeleted":""},{"TaskId":"Workflow Properties1","PropertyName":"Global Variables","VariableId":"isScheduledWorkflow","VariableValue":{"type":"$IW_SCRIPT","value":{"id":"isScheduledWorkflow","code":"\"$IW_CV(WF_SCHEDULED_OR_MANUAL)\" == \"Scheduled\"?\"true\":\"false\";"}},"TaskType":"ModelProperties","isDeleted":""},{"TaskId":"Workflow Properties1","PropertyName":"Global Variables","VariableId":"WF_START_DATE_TIME","VariableValue":{"type":"$IW_CV","value":{"id":"WF_START_DATE_TIME","label":"Start Date and Time","defaultValue":"","description":"Date and time for initial publish of campaign","isHidden":false,"isReadOnly":false}},"TaskType":"ModelProperties","isDeleted":""},{"TaskId":"Workflow Properties1","PropertyName":"Global Variables","VariableId":"workflowIsManual","VariableValue":{"type":"$IW_SCRIPT","value":{"id":"workflowIsManual","code":"\"$IW_CV(WF_SCHEDULED_OR_MANUAL)\" == \"Scheduled\"?:\"false\":\"true\";"}},"TaskType":"ModelProperties","isDeleted":""},{"TaskId":"Workflow Properties1","PropertyName":"Global Variables","VariableId":"workflowIsManual","VariableValue":{"type":"$IW_SCRIPT","value":{"id":"workflowIsManual","code":"\"$IW_CV(WF_SCHEDULED_OR_MANUAL)\" == \"Scheduled\"?\"false\":\"true\";"}},"TaskType":"ModelProperties","isDeleted":""},{"TaskId":"Workflow Properties1","PropertyName":"Global Variables","VariableId":"WF_END_DATE_TIME","VariableValue":{"type":"$IW_CV","value":{"id":"WF_END_DATE_TIME","label":"End Date and Time ","defaultValue":"","description":"Date and time for last publish of campaign:  YYYY-MM-DD HH:MM:SS format.","isHidden":false,"isReadOnly":false}},"TaskType":"ModelProperties","isDeleted":""},{"TaskId":"Schedule Delay task","PropertyName":"Variables","VariableId":"WF_SCHEDULING_INTERVAL","VariableValue":"","TaskType":"URLTask","isDeleted":""},{"TaskId":"Schedule Delay task","PropertyName":"Variables","VariableId":"WF_HOUR_OF_DAY","VariableValue":"","TaskType":"URLTask","isDeleted":""},{"TaskId":"Schedule Delay task","PropertyName":"Variables","VariableId":"WF_DAY_OF_WEEK","VariableValue":"","TaskType":"URLTask","isDeleted":""},{"TaskId":"Schedule Delay task","PropertyName":"Variables","VariableId":"WF_DAY_OF_MONTH","VariableValue":"","TaskType":"URLTask","isDeleted":""},{"TaskId":"Schedule Delay task","PropertyName":"Variables","VariableId":"WF_CAMPAIGN_NAME","VariableValue":"","TaskType":"URLTask","isDeleted":""},{"TaskId":"Schedule Delay task","PropertyName":"Variables","VariableId":"WF_START_DATE_TIME","VariableValue":"","TaskType":"URLTask","isDeleted":""},{"TaskId":"Schedule Delay task","PropertyName":"Variables","VariableId":"WF_SCHEDULED_OR_MANUAL","VariableValue":"","TaskType":"URLTask","isDeleted":""},{"TaskId":"Workflow Properties1","PropertyName":"Global Variables","VariableId":"WF_CAMPAIGN_TYPE","VariableValue":{"type":"$IW_CV","value":{"id":"WF_CAMPAIGN_TYPE","label":"Workflow Campaign Type","defaultValue":"mutable","description":"Campaign type to publish (mutable or immutable)","isHidden":false,"isReadOnly":false}},"TaskType":"ModelProperties","isDeleted":""},{"TaskId":"Publish Campaign Feed","PropertyName":"Variables","VariableId":"WF_CAMPAIGN_TYPE","VariableValue":"","TaskType":"URLTask","isDeleted":""},{"TaskId":"Flow1","PropertyName":"Expression","VariableId":"workflowIsManual","VariableValue":"","TaskType":"ConditionalLink","isDeleted":""},{"TaskId":"Workflow Properties1","PropertyName":"Global Variables","VariableId":"WF_HOUR_INTERVAL","VariableValue":{"type":"$IW_CV","value":{"id":"WF_HOUR_INTERVAL","label":"Interval (Hours)","defaultValue":"0","description":"Interval in hours for scheduler","isHidden":false,"isReadOnly":false}},"TaskType":"ModelProperties","isDeleted":""},{"TaskId":"Workflow Properties1","PropertyName":"Global Variables","VariableId":"WF_MINUTE_INTERVAL","VariableValue":{"type":"$IW_CV","value":{"id":"WF_MINUTE_INTERVAL","label":"Interval (Minutes)","defaultValue":"0","description":"Interval in minutes for scheduler","isHidden":false,"isReadOnly":false}},"TaskType":"ModelProperties","isDeleted":""},{"TaskId":"Schedule Delay task","PropertyName":"Variables","VariableId":"WF_HOUR_INTERVAL","VariableValue":"","TaskType":"URLTask","isDeleted":""},{"TaskId":"Schedule Delay task","PropertyName":"Variables","VariableId":"WF_MINUTE_INTERVAL","VariableValue":"","TaskType":"URLTask","isDeleted":""}]}