{"resourceId":"oryx-canvas123","properties":{"Owner":"$IW_USER","Priority":"","Brief Description":"Publish Campaign Scheduler","Description":"Publishes the selected Campaign on a daily, weekly or monthly schedule","DueDate":"","Global Variables":"$IW_CV(WF_SCHEDULED_OR_MANUAL)|$IW_CV(WF_SCHEDULING_INTERVAL)|$IW_CV(WF_HOUR_OF_DAY)|$IW_CV(WF_DAY_OF_WEEK)|$IW_CV(WF_DAY_OF_MONTH)|$IW_SCRIPT(isScheduledWorkflow)|$IW_CV(WF_CAMPAIGN_NAME)|$IW_CV(WF_START_DATE_TIME)|$IW_SCRIPT(workflowIsManual)|$IW_CV(WF_END_DATE_TIME)|$IW_CV(WF_CAMPAIGN_TYPE)","VAVariables":"","Variables":"custom_job_params=$IW_CV(WF_CAMPAIGN_NAME)","PostProcessorCommand":"","PreProcessorCommand":"","Name":"Scheduled Publish","id":"Workflow Properties1","ActivationCount":"","Version":"1.0.0.1","Status":"","Valid":"true","File Comments":"true"},"stencil":{"id":"ModelProperties"},"childShapes":[{"resourceId":"oryx_0D094859-692F-44F2-8BBD-6DF4105C1A28","properties":{"Name":"Start1","id":"Start1","CSSclass":"Event"},"stencil":{"id":"Start"},"childShapes":[],"outgoing":[{"resourceId":"oryx_629EFFF7-7C47-452A-AA67-8CAE68909117"},{"resourceId":"oryx_2CEE854F-9A66-4462-9434-3C6CFA0B834E"}],"bounds":{"lowerRight":{"x":56,"y":259},"upperLeft":{"x":22,"y":225}},"dockers":[]},{"resourceId":"oryx_50D2CF99-7BAD-4E11-93C7-EA3D2838095A","properties":{"Name":"End3","id":"End3","Brief Description":"","Eafinishop":"","Eastartop":"","Wfvarfinishop":"","Wfvarstartop":"","CSSclass":"Event"},"stencil":{"id":"End"},"childShapes":[],"outgoing":[],"bounds":{"lowerRight":{"x":544,"y":567},"upperLeft":{"x":510,"y":533}},"dockers":[]},{"resourceId":"oryx_21D3BA5A-5091-4DD3-9729-DCE7F05B3A0B","properties":{"AreaVPath":"$IW_WORKAREA","Brief Description":"Publish Campaign Task","Description":"Publish Campaign Task","Name":"Publish Campaign","id":"Publish Campaign","CSSclass":"Task","Owner":"$IW_USER","CGIScriptName":"/iw-cc/Workflow/WebTask.do","Immediate":"true","Lock":"false","Readonly":"false","Transferonly":"false","Variables":"TaskBeanId=workflow.task.DelegatingCampaignPublishTaskUPS|ImmediateTransition=true","Eafinishop":"","Eastartop":"","Wfvarfinishop":"","Wfvarstartop":"","ActivationCount":"0","Status":"none","Valid":"none","BackgroundColor":"#c0c0c0","TaskType":"ItsCGITask"},"stencil":{"id":"CGITask"},"childShapes":[],"outgoing":[{"resourceId":"oryx_A2ADB186-2043-4A24-A8C5-E472CC12D1C4"}],"bounds":{"lowerRight":{"x":325,"y":140},"upperLeft":{"x":225,"y":60}},"dockers":[]},{"resourceId":"oryx_3F4621D5-4EFC-4977-9895-FF7A272362BC","properties":{"AreaVPath":"$IW_WORKAREA","Brief Description":"Schedule Delay Task","Description":"This task computes and waits for the next publish event","Name":"Schedule Delay task","id":"Schedule Delay task","CSSclass":"Task","Owner":"$IW_USER","URI":"http://$IW_SERVER:$IW_PORT/iw-cc/urlexternaltask","Retry":"true","Lock":"false","Readonly":"false","Transferonly":"false","Variables":"ClassName=com.hp.autonomy.proserv.pkg.ls.core.task.ScheduleDelayExternalTask|wf_scheduling_interval=$IW_CV(WF_SCHEDULING_INTERVAL)|wf_hour_of_day=$IW_CV(WF_HOUR_OF_DAY)|wf_day_of_week=$IW_CV(WF_DAY_OF_WEEK)|wf_day_of_month=$IW_CV(WF_DAY_OF_MONTH)|wf_campaign_name=$IW_CV(WF_CAMPAIGN_NAME)|wf_start_date_time=$IW_CV(WF_START_DATE_TIME)|iw_schedule_expired_transition=Publish Expired|iw_next_schedule_transition=Next Scheduled Publish|iw_failure_transition=Schedule Expired|next_task_after_delay=Next Scheduled Publish|task_activation_count=0|iw_manual_mode_transition=Workflow Is Manual|iw_wf_scheduled_or_manual=$IW_CV(WF_SCHEDULED_OR_MANUAL)","Eafinishop":"","Eastartop":"","Wfvarfinishop":"","Wfvarstartop":"","ActivationCount":"0","Status":"none","Valid":"none","BackgroundColor":"#c0c0c0","TaskType":"ItsURLTask"},"stencil":{"id":"URLTask"},"childShapes":[],"outgoing":[{"resourceId":"oryx_5ECAB92F-4B91-4E26-8720-58CD9E79703C"},{"resourceId":"oryx_92D6FA60-AB8C-4D43-A296-72F3F37DCAC8"}],"bounds":{"lowerRight":{"x":310,"y":320},"upperLeft":{"x":210,"y":240}},"dockers":[]},{"resourceId":"oryx_629EFFF7-7C47-452A-AA67-8CAE68909117","properties":{"Name":"Workfow Is Scheduled","id":"Flow4","Type":"Conditional","Expression":"$IW_SCRIPT(isScheduledWorkflow)"},"stencil":{"id":"ConditionalLink"},"childShapes":[],"outgoing":[{"resourceId":"oryx_3F4621D5-4EFC-4977-9895-FF7A272362BC"}],"bounds":{"lowerRight":{"x":210,"y":280},"upperLeft":{"x":39,"y":259.625}},"dockers":[{"x":17,"y":17},{"x":39,"y":280},{"x":1,"y":40}],"target":{"resourceId":"oryx_3F4621D5-4EFC-4977-9895-FF7A272362BC"}},{"resourceId":"oryx_5ECAB92F-4B91-4E26-8720-58CD9E79703C","properties":{"Name":"Publish Expired","id":"Flow13","Type":"Default"},"stencil":{"id":"Flow"},"childShapes":[],"outgoing":[{"resourceId":"oryx_50D2CF99-7BAD-4E11-93C7-EA3D2838095A"}],"bounds":{"lowerRight":{"x":527,"y":532.125},"upperLeft":{"x":310.01953125,"y":280}},"dockers":[{"x":50,"y":40},{"x":527,"y":280},{"x":17,"y":17}],"target":{"resourceId":"oryx_50D2CF99-7BAD-4E11-93C7-EA3D2838095A"}},{"resourceId":"oryx_92D6FA60-AB8C-4D43-A296-72F3F37DCAC8","properties":{"Name":"Next Scheduled Publish","id":"Flow3","Type":"Default"},"stencil":{"id":"Flow"},"childShapes":[],"outgoing":[{"resourceId":"oryx_9E7E5CDD-FACB-43F6-B91A-26FDBA45A1D3"}],"bounds":{"lowerRight":{"x":236,"y":495},"upperLeft":{"x":234,"y":320.69140625}},"dockers":[{"x":25,"y":1},{"x":25,"y":1}],"target":{"resourceId":"oryx_9E7E5CDD-FACB-43F6-B91A-26FDBA45A1D3"}},{"resourceId":"oryx_A2ADB186-2043-4A24-A8C5-E472CC12D1C4","properties":{"Name":"Publish Campaign Success","id":"Flow2","Type":"Default"},"stencil":{"id":"Flow"},"childShapes":[],"outgoing":[{"resourceId":"oryx_50D2CF99-7BAD-4E11-93C7-EA3D2838095A"}],"bounds":{"lowerRight":{"x":527,"y":532.30078125},"upperLeft":{"x":325.21875,"y":100}},"dockers":[{"x":50,"y":40},{"x":527,"y":100},{"x":17,"y":17}],"target":{"resourceId":"oryx_50D2CF99-7BAD-4E11-93C7-EA3D2838095A"}},{"resourceId":"oryx_9E7E5CDD-FACB-43F6-B91A-26FDBA45A1D3","properties":{"AreaVPath":"$IW_WORKAREA","Brief Description":"","Description":"","Name":"Publish Campaign Feed","id":"Publish Campaign Feed","CSSclass":"Task","Owner":"$IW_USER","URI":"http://$IW_SERVER:$IW_PORT/iw-cc/urlexternaltask","Retry":"true","Lock":"false","Readonly":"false","Transferonly":"false","Variables":"ClassName=com.ups.teamsite.workflow.task.DelegatingCampaignPublishURLTask|iw_success_transition=Feed Published|iw_failure_transition=Feed Published|iw_campaign_type=$IW_CV(WF_CAMPAIGN_TYPE)","Eafinishop":"","Eastartop":"","Wfvarfinishop":"","Wfvarstartop":"","ActivationCount":"0","Status":"none","Valid":"none","BackgroundColor":"#c0c0c0","TaskType":"ItsURLTask"},"stencil":{"id":"URLTask"},"childShapes":[],"outgoing":[{"resourceId":"oryx_B4CDCF72-FE10-4F53-9348-352FC604C734"}],"bounds":{"lowerRight":{"x":310,"y":575},"upperLeft":{"x":210,"y":495}},"dockers":[]},{"resourceId":"oryx_B4CDCF72-FE10-4F53-9348-352FC604C734","properties":{"Name":"Feed Published","id":"Flow7","Type":"Default"},"stencil":{"id":"Flow"},"childShapes":[],"outgoing":[{"resourceId":"oryx_3F4621D5-4EFC-4977-9895-FF7A272362BC"}],"bounds":{"lowerRight":{"x":261,"y":494.15625},"upperLeft":{"x":259,"y":320.84375}},"dockers":[{"x":50,"y":40},{"x":50,"y":40}],"target":{"resourceId":"oryx_3F4621D5-4EFC-4977-9895-FF7A272362BC"}},{"resourceId":"oryx_2CEE854F-9A66-4462-9434-3C6CFA0B834E","properties":{"Name":"Workflow Is Manual","id":"Flow1","Type":"Conditional","Expression":"$IW_SCRIPT(workflowIsManual)"},"stencil":{"id":"ConditionalLink"},"childShapes":[],"outgoing":[{"resourceId":"oryx_21D3BA5A-5091-4DD3-9729-DCE7F05B3A0B"}],"bounds":{"lowerRight":{"x":224.21875,"y":224.359375},"upperLeft":{"x":39,"y":100}},"dockers":[{"x":17,"y":17},{"x":39,"y":100},{"x":50,"y":40}],"target":{"resourceId":"oryx_21D3BA5A-5091-4DD3-9729-DCE7F05B3A0B"}}],"bounds":{"lowerRight":{"x":1485,"y":1050},"upperLeft":{"x":0,"y":0}},"stencilset":{"url":"/iw-wfm/editor/stencilsets/iwov_process_model/iwovprocessmodels.json","namespace":"http://autonomy.com/stencilset/iwovwfm#"},"ssextensions":[],"modelVariables":[{"TaskId":"Workflow Properties1","PropertyName":"Variables","VariableId":"WF_CAMPAIGN_NAME","VariableValue":"","TaskType":"ModelProperties","isDeleted":""},{"TaskId":"Flow5","PropertyName":"Expression","VariableId":"workflowIsManual","VariableValue":"","TaskType":"ConditionalLink","isDeleted":""},{"TaskId":"Flow4","PropertyName":"Expression","VariableId":"isScheduledWorkflow","VariableValue":"","TaskType":"ConditionalLink","isDeleted":""},{"TaskId":"Flow6","PropertyName":"Expression","VariableId":"isScheduledWorkflow","VariableValue":"","TaskType":"ConditionalLink","isDeleted":""},{"TaskId":"Workflow Properties1","PropertyName":"Global Variables","VariableId":"WF_SCHEDULED_OR_MANUAL","VariableValue":{"type":"$IW_CV","value":{"id":"WF_SCHEDULED_OR_MANUAL","label":"Scheduled or Manual","defaultValue":"Scheduled","description":"Workflow mode -- scheduled or manual","isHidden":false,"isReadOnly":false}},"TaskType":"ModelProperties","isDeleted":""},{"TaskId":"Workflow Properties1","PropertyName":"Global Variables","VariableId":"WF_SCHEDULING_INTERVAL","VariableValue":{"type":"$IW_CV","value":{"id":"WF_SCHEDULING_INTERVAL","label":"Scheduling Interval (Day, Week, Month ) ","defaultValue":"Day","description":"Interval for scheduled workflows (Day, Week, Month) default value day","isHidden":false,"isReadOnly":false}},"TaskType":"ModelProperties","isDeleted":""},{"TaskId":"Workflow Properties1","PropertyName":"Global Variables","VariableId":"WF_HOUR_OF_DAY","VariableValue":{"type":"$IW_CV","value":{"id":"WF_HOUR_OF_DAY","label":"Hour of day","defaultValue":"0","description":"Hour of day for all scheduled workflows.  Default value 0 ","isHidden":false,"isReadOnly":false}},"TaskType":"ModelProperties","isDeleted":""},{"TaskId":"Workflow Properties1","PropertyName":"Global Variables","VariableId":"WF_DAY_OF_WEEK","VariableValue":{"type":"$IW_CV","value":{"id":"WF_DAY_OF_WEEK","label":"Day of Week","defaultValue":"MON","description":"Day of week for weekly sceduled workflows.  Default value MON","isHidden":false,"isReadOnly":false}},"TaskType":"ModelProperties","isDeleted":""},{"TaskId":"Workflow Properties1","PropertyName":"Global Variables","VariableId":"WF_DAY_OF_MONTH","VariableValue":{"type":"$IW_CV","value":{"id":"WF_DAY_OF_MONTH","label":"Day of month","defaultValue":"1","description":"Day of month for monthly shceduled wqorkflows.  Default value 1, range 1..31","isHidden":false,"isReadOnly":false}},"TaskType":"ModelProperties","isDeleted":""},{"TaskId":"Workflow Properties1","PropertyName":"Global Variables","VariableId":"WF_CAMPAIGN_NAME","VariableValue":{"type":"$IW_CV","value":{"id":"WF_CAMPAIGN_NAME","label":"Campaign Name","defaultValue":"UPS Pressroom Newsletter Subscription","description":"Campaign name to publish","isHidden":false,"isReadOnly":false}},"TaskType":"ModelProperties","isDeleted":""},{"TaskId":"Workflow Properties1","PropertyName":"Global Variables","VariableId":"isScheduledWorkflow","VariableValue":{"type":"$IW_SCRIPT","value":{"id":"isScheduledWorkflow","code":"\"$IW_CV(WF_SCHEDULED_OR_MANUAL)\" == \"Scheduled\"?\"true\":\"false\";"}},"TaskType":"ModelProperties","isDeleted":""},{"TaskId":"Workflow Properties1","PropertyName":"Global Variables","VariableId":"WF_START_DATE_TIME","VariableValue":{"type":"$IW_CV","value":{"id":"WF_START_DATE_TIME","label":"Start Date and Time","defaultValue":"","description":"Date and time for initial publish of campaign","isHidden":false,"isReadOnly":false}},"TaskType":"ModelProperties","isDeleted":""},{"TaskId":"Workflow Properties1","PropertyName":"Global Variables","VariableId":"workflowIsManual","VariableValue":{"type":"$IW_SCRIPT","value":{"id":"workflowIsManual","code":"\"$IW_CV(WF_SCHEDULED_OR_MANUAL)\" == \"Scheduled\"?:\"false\":\"true\";"}},"TaskType":"ModelProperties","isDeleted":""},{"TaskId":"Workflow Properties1","PropertyName":"Global Variables","VariableId":"workflowIsManual","VariableValue":{"type":"$IW_SCRIPT","value":{"id":"workflowIsManual","code":"\"$IW_CV(WF_SCHEDULED_OR_MANUAL)\" == \"Scheduled\"?\"false\":\"true\";"}},"TaskType":"ModelProperties","isDeleted":""},{"TaskId":"Workflow Properties1","PropertyName":"Global Variables","VariableId":"WF_END_DATE_TIME","VariableValue":{"type":"$IW_CV","value":{"id":"WF_END_DATE_TIME","label":"End Date and Time ","defaultValue":"","description":"Date and time for last publish of campaign:  YYYY-MM-DD HH:MM:SS format.","isHidden":false,"isReadOnly":false}},"TaskType":"ModelProperties","isDeleted":""},{"TaskId":"Schedule Delay task","PropertyName":"Variables","VariableId":"WF_SCHEDULING_INTERVAL","VariableValue":"","TaskType":"URLTask","isDeleted":""},{"TaskId":"Schedule Delay task","PropertyName":"Variables","VariableId":"WF_HOUR_OF_DAY","VariableValue":"","TaskType":"URLTask","isDeleted":""},{"TaskId":"Schedule Delay task","PropertyName":"Variables","VariableId":"WF_DAY_OF_WEEK","VariableValue":"","TaskType":"URLTask","isDeleted":""},{"TaskId":"Schedule Delay task","PropertyName":"Variables","VariableId":"WF_DAY_OF_MONTH","VariableValue":"","TaskType":"URLTask","isDeleted":""},{"TaskId":"Schedule Delay task","PropertyName":"Variables","VariableId":"WF_CAMPAIGN_NAME","VariableValue":"","TaskType":"URLTask","isDeleted":""},{"TaskId":"Schedule Delay task","PropertyName":"Variables","VariableId":"WF_START_DATE_TIME","VariableValue":"","TaskType":"URLTask","isDeleted":""},{"TaskId":"Schedule Delay task","PropertyName":"Variables","VariableId":"WF_SCHEDULED_OR_MANUAL","VariableValue":"","TaskType":"URLTask","isDeleted":""},{"TaskId":"Workflow Properties1","PropertyName":"Global Variables","VariableId":"WF_CAMPAIGN_TYPE","VariableValue":{"type":"$IW_CV","value":{"id":"WF_CAMPAIGN_TYPE","label":"Workflow Campaign Type","defaultValue":"mutable","description":"Campaign type to publish (mutable or immutable)","isHidden":false,"isReadOnly":false}},"TaskType":"ModelProperties","isDeleted":""},{"TaskId":"Flow1","PropertyName":"Expression","VariableId":"workflowIsManual","VariableValue":"","TaskType":"ConditionalLink","isDeleted":""},{"TaskId":"Publish Campaign Feed","PropertyName":"Variables","VariableId":"WF_CAMPAIGN_TYPE","VariableValue":"","TaskType":"URLTask"}]}